,price,profit
0,5.0,2001868.5
1,5.01,1995476.0500000003
2,5.02,1999532.7
3,5.029999999999999,2003221.7000000004
4,5.039999999999999,2004726.0500000003
5,5.049999999999999,1996525.2000000002
6,5.059999999999999,2004507.75
7,5.0699999999999985,1996656.3499999999
8,5.079999999999998,2003457.4
9,5.089999999999998,2004752.65
10,5.099999999999998,1998796.7499999995
11,5.109999999999998,1998456.5999999999
12,5.119999999999997,2014084.3
13,5.129999999999997,2008504.7
14,5.139999999999997,1996768.4000000001
15,5.149999999999997,1997849.9000000001
16,5.159999999999997,1995183.05
17,5.169999999999996,2001105.2000000002
18,5.179999999999996,2005301.4999999995
19,5.189999999999996,2006513.7499999998
20,5.199999999999996,1995952.55
21,5.2099999999999955,1999168.0000000005
22,5.219999999999995,1997621.1
23,5.229999999999995,1992947.6
24,5.239999999999995,1995238.2999999998
25,5.249999999999995,2001103.9499999997
26,5.2599999999999945,2003291.0499999998
27,5.269999999999994,1984532.3
28,5.279999999999994,2008586.4499999995
29,5.289999999999994,2001043.0500000003
30,5.299999999999994,1998503.5999999994
31,5.309999999999993,1998262.55
32,5.319999999999993,2003547.6500000006
33,5.329999999999993,1998248.7999999998
34,5.339999999999993,1995966.6499999994
35,5.3499999999999925,1994648.0
36,5.359999999999992,1998325.9000000001
37,5.369999999999992,2002293.0500000005
38,5.379999999999992,1996693.7
39,5.389999999999992,1991369.2
40,5.3999999999999915,1995538.8
41,5.409999999999991,2002734.7000000002
42,5.419999999999991,1999422.2500000002
43,5.429999999999991,1996300.75
44,5.439999999999991,2006227.4999999998
45,5.44999999999999,1997024.9999999998
46,5.45999999999999,2003993.2
47,5.46999999999999,1992797.6
48,5.47999999999999,1999115.45
49,5.4899999999999896,2003545.05
50,5.499999999999989,1997593.9499999997
51,5.509999999999989,1999561.5999999996
52,5.519999999999989,1998886.45
53,5.529999999999989,2004284.5499999998
54,5.5399999999999885,2005412.4499999997
55,5.549999999999988,1995042.7000000004
56,5.559999999999988,2002506.5
57,5.569999999999988,1996490.5499999998
58,5.579999999999988,2005583.4000000001
59,5.589999999999987,2005807.75
60,5.599999999999987,2007251.6999999997
61,5.609999999999987,2001684.4500000002
62,5.619999999999987,1998784.15
63,5.629999999999987,2004269.25
64,5.639999999999986,1997905.5000000002
65,5.649999999999986,2009396.7999999998
66,5.659999999999986,2003224.1500000001
67,5.669999999999986,1999065.9
68,5.6799999999999855,2000561.6999999997
69,5.689999999999985,2000571.85
70,5.699999999999985,1994787.4500000002
71,5.709999999999985,2000857.6500000001
72,5.719999999999985,2009575.4999999998
73,5.729999999999984,2010136.8999999997
74,5.739999999999984,2006135.9000000001
75,5.749999999999984,2009866.9500000002
76,5.759999999999984,1999300.5500000003
77,5.769999999999984,2012158.2000000002
78,5.779999999999983,2003530.4000000001
79,5.789999999999983,1998308.7999999993
80,5.799999999999983,2001114.45
81,5.809999999999983,2004992.8
82,5.8199999999999825,1997582.2
83,5.829999999999982,1997221.6
84,5.839999999999982,2012372.9000000001
85,5.849999999999982,2003737.8499999996
86,5.859999999999982,1998059.65
87,5.8699999999999815,1995006.1499999997
88,5.879999999999981,1996698.4
89,5.889999999999981,2004284.6500000001
90,5.899999999999981,2011460.8
91,5.909999999999981,2014729.1500000001
92,5.91999999999998,2003197.5500000003
93,5.92999999999998,2008224.1499999997
94,5.93999999999998,2002865.5500000003
95,5.94999999999998,2002072.4999999998
96,5.9599999999999795,2006447.2499999998
97,5.969999999999979,2003112.35
98,5.979999999999979,2005690.8500000003
99,5.989999999999979,2008284.5500000003
100,5.999999999999979,2010084.1500000001
101,6.0099999999999785,2010054.95
102,6.019999999999978,2006550.9000000001
103,6.029999999999978,2011995.4
104,6.039999999999978,2010444.7999999998
105,6.049999999999978,2002422.1
106,6.059999999999977,2006489.0499999998
107,6.069999999999977,1998067.3999999997
108,6.079999999999977,2008325.0499999998
109,6.089999999999977,2010574.9
110,6.0999999999999766,1998568.7499999995
111,6.109999999999976,2009162.2499999998
112,6.119999999999976,2001336.7999999998
113,6.129999999999976,1999107.15
114,6.139999999999976,1999351.7
115,6.1499999999999755,1998727.1500000001
116,6.159999999999975,1995920.7999999998
117,6.169999999999975,1998112.3499999996
118,6.179999999999975,2008226.1499999997
119,6.189999999999975,2005307.3999999997
120,6.199999999999974,2008802.9500000002
121,6.209999999999974,2002326.9499999995
122,6.219999999999974,1994366.8999999994
123,6.229999999999974,2006826.6500000001
124,6.239999999999974,2010538.65
125,6.249999999999973,2004797.7999999996
126,6.259999999999973,2000501.8999999994
127,6.269999999999973,2004557.1499999994
128,6.279999999999973,2008828.0
129,6.2899999999999725,2003016.9500000002
130,6.299999999999972,2007651.8499999996
131,6.309999999999972,2010996.9500000002
132,6.319999999999972,2008133.2499999998
133,6.329999999999972,2013234.35
134,6.339999999999971,2009625.2999999998
135,6.349999999999971,2008973.7499999998
136,6.359999999999971,2004624.5
137,6.369999999999971,1995886.7499999998
138,6.379999999999971,2020307.5499999993
139,6.38999999999997,2005721.8499999999
140,6.39999999999997,2005275.0999999994
141,6.40999999999997,2010039.9999999998
142,6.41999999999997,2008234.5499999996
143,6.4299999999999695,2009215.5999999999
144,6.439999999999969,2006442.2499999998
145,6.449999999999969,2000108.9499999995
146,6.459999999999969,2005991.1499999997
147,6.469999999999969,2008310.4999999998
148,6.4799999999999685,2005827.2499999998
149,6.489999999999968,2016009.0999999999
150,6.499999999999968,2003505.8999999997
151,6.509999999999968,2008467.9499999997
152,6.519999999999968,2012870.25
153,6.529999999999967,2011809.0499999998
154,6.539999999999967,2004383.9499999995
155,6.549999999999967,2011306.8499999994
156,6.559999999999967,2001723.1499999997
157,6.5699999999999665,2003894.1999999995
158,6.579999999999966,1997227.5
159,6.589999999999966,2009864.3999999992
160,6.599999999999966,2014482.4999999998
161,6.609999999999966,2007617.2999999998
162,6.6199999999999655,2010826.75
163,6.629999999999965,2011745.05
164,6.639999999999965,2010903.35
165,6.649999999999965,2005713.8499999999
166,6.659999999999965,2015359.4499999997
167,6.669999999999964,2004136.35
168,6.679999999999964,2006370.0499999998
169,6.689999999999964,2010061.7999999996
170,6.699999999999964,2002934.0499999996
171,6.7099999999999635,2007645.95
172,6.719999999999963,2004606.05
173,6.729999999999963,2016020.5499999996
174,6.739999999999963,2017112.7999999998
175,6.749999999999963,2016290.25
176,6.7599999999999625,2004791.1999999995
177,6.769999999999962,2016609.05
178,6.779999999999962,2001935.8
179,6.789999999999962,2005209.5499999993
180,6.799999999999962,2011439.0999999999
181,6.809999999999961,2011224.8
182,6.819999999999961,2005092.0499999996
183,6.829999999999961,2010149.6499999997
184,6.839999999999961,2013276.0499999998
185,6.849999999999961,2007121.0999999996
186,6.85999999999996,2009375.7499999995
187,6.86999999999996,2016073.4999999998
188,6.87999999999996,2009135.7999999998
189,6.88999999999996,2011994.8499999996
190,6.8999999999999595,2010457.0499999998
191,6.909999999999959,2010202.6999999997
192,6.919999999999959,2009691.3499999999
193,6.929999999999959,2015415.8499999992
194,6.939999999999959,2015054.6499999997
195,6.949999999999958,2007491.5499999996
196,6.959999999999958,2009883.0999999996
197,6.969999999999958,2008462.2
198,6.979999999999958,2008401.65
199,6.989999999999958,2012751.5999999996
200,6.999999999999957,2016024.5499999996
201,7.009999999999957,2010331.0999999999
202,7.019999999999957,2012178.4500000002
203,7.029999999999957,2002456.4499999995
204,7.0399999999999565,2010210.8499999996
205,7.049999999999956,2008411.25
206,7.059999999999956,2012490.0999999996
207,7.069999999999956,2016643.0499999998
208,7.079999999999956,2019910.5999999994
209,7.0899999999999554,2013508.65
210,7.099999999999955,2011002.5499999996
211,7.109999999999955,2012504.5499999996
212,7.119999999999955,2008030.4499999997
213,7.129999999999955,2023921.85
214,7.139999999999954,2003498.7499999998
215,7.149999999999954,2003076.4999999995
216,7.159999999999954,2008240.9999999998
217,7.169999999999954,2009548.6000000003
218,7.1799999999999535,2013640.9999999998
219,7.189999999999953,2011755.9499999997
220,7.199999999999953,2008442.6500000001
221,7.209999999999953,2017343.2499999995
222,7.219999999999953,2012933.9499999997
223,7.2299999999999525,2014225.7999999996
224,7.239999999999952,2014835.3499999999
225,7.249999999999952,2011644.8499999994
226,7.259999999999952,2014402.6999999995
227,7.269999999999952,2013517.9499999997
228,7.279999999999951,2008556.7999999993
229,7.289999999999951,2015247.9999999998
230,7.299999999999951,2008493.4999999995
231,7.309999999999951,2010074.2499999998
232,7.3199999999999505,2017786.2499999995
233,7.32999999999995,2009162.7199999997
234,7.33999999999995,2008813.7099999995
235,7.34999999999995,2006162.55
236,7.35999999999995,2009581.8399999999
237,7.3699999999999495,2021811.0299999996
238,7.379999999999949,2013097.6699999997
239,7.389999999999949,2012170.7099999997
240,7.399999999999949,2017446.6499999994
241,7.409999999999949,2007879.29
242,7.419999999999948,2015697.0799999996
243,7.429999999999948,2016679.1199999999
244,7.439999999999948,2016300.5099999995
245,7.449999999999948,2005419.4499999995
246,7.459999999999948,2011520.8399999999
247,7.469999999999947,2021595.73
248,7.479999999999947,2007563.8199999996
249,7.489999999999947,2021427.2599999998
250,7.499999999999947,2004305.0999999994
251,7.5099999999999465,2007186.34
252,7.519999999999946,2012524.38
253,7.529999999999946,2012234.6699999997
254,7.539999999999946,2008002.4599999997
255,7.549999999999946,2017747.2999999996
256,7.559999999999945,2007013.9399999997
257,7.569999999999945,2012167.0799999998
258,7.579999999999945,2025033.4699999995
259,7.589999999999945,2015348.8599999996
260,7.599999999999945,2019722.7999999996
261,7.609999999999944,2013438.7399999995
262,7.619999999999944,2005838.4299999995
263,7.629999999999944,2015648.3399999999
264,7.639999999999944,2018596.0699999996
265,7.6499999999999435,2008865.7999999993
266,7.659999999999943,2018308.0300000003
267,7.669999999999943,2009252.6099999996
268,7.679999999999943,2021352.3899999994
269,7.689999999999943,2006122.8199999996
270,7.6999999999999424,2022374.8499999994
271,7.709999999999942,2012616.9799999997
272,7.719999999999942,2009738.3599999999
273,7.729999999999942,2013985.14
274,7.739999999999942,2008294.1699999995
275,7.749999999999941,2013272.75
276,7.759999999999941,2013300.5799999996
277,7.769999999999941,2011022.4099999997
278,7.779999999999941,2018778.3399999994
279,7.7899999999999405,2014474.5700000003
280,7.79999999999994,2017537.7499999995
281,7.80999999999994,2019360.1199999994
282,7.81999999999994,2011698.84
283,7.82999999999994,2019347.21
284,7.8399999999999395,2008378.33
285,7.849999999999939,2008971.9000000004
286,7.859999999999939,2010258.5699999998
287,7.869999999999939,2013927.7399999998
288,7.879999999999939,2021876.0099999998
289,7.889999999999938,2011316.2299999995
290,7.899999999999938,2014100.3499999992
291,7.909999999999938,2016201.3199999998
292,7.919999999999938,2015416.09
293,7.9299999999999375,2018414.4599999995
294,7.939999999999937,2015026.2299999997
295,7.949999999999937,2018195.0
296,7.959999999999937,2025926.3199999994
297,7.969999999999937,2014836.64
298,7.9799999999999365,2014467.9099999992
299,7.989999999999936,2014911.7799999998
300,7.999999999999936,2021883.5999999996
301,8.009999999999936,2012548.4699999995
302,8.019999999999936,2018135.1400000001
303,8.029999999999935,2014247.2599999993
304,8.039999999999935,2020823.0799999994
305,8.049999999999935,2011420.8999999994
306,8.059999999999935,2016678.0699999998
307,8.069999999999935,2013754.2899999996
308,8.079999999999934,2011315.41
309,8.089999999999934,2016036.3800000001
310,8.099999999999934,2012506.1999999995
311,8.109999999999934,2009994.3699999994
312,8.119999999999933,2016901.9899999995
313,8.129999999999933,2017691.2099999995
314,8.139999999999933,2021221.6299999997
315,8.149999999999933,2014397.0499999993
316,8.159999999999933,2011573.5699999998
317,8.169999999999932,2018397.0399999996
318,8.179999999999932,2017432.9599999997
319,8.189999999999932,2008406.7299999997
320,8.199999999999932,2010501.55
321,8.209999999999932,2016099.1199999992
322,8.219999999999931,2019346.9399999997
323,8.229999999999931,2019190.1599999997
324,8.239999999999931,2014946.5799999996
325,8.24999999999993,2007027.3499999996
326,8.25999999999993,2011537.7199999997
327,8.26999999999993,2018884.64
328,8.27999999999993,2019525.9099999997
329,8.28999999999993,2013159.4299999992
330,8.29999999999993,2010977.0499999996
331,8.30999999999993,2015151.8199999998
332,8.31999999999993,2020552.2399999995
333,8.329999999999929,2014593.3599999999
334,8.339999999999929,2002748.08
335,8.349999999999929,2019423.5499999996
336,8.359999999999928,2015356.1199999996
337,8.369999999999928,2016563.9899999993
338,8.379999999999928,2010591.3599999994
339,8.389999999999928,2011215.4299999997
340,8.399999999999928,2011886.3499999994
341,8.409999999999927,2010481.5699999991
342,8.419999999999927,2014649.4899999998
343,8.429999999999927,2021533.26
344,8.439999999999927,2014518.9299999997
345,8.449999999999926,2019300.0999999996
346,8.459999999999926,2020724.7199999997
347,8.469999999999926,2015884.0899999994
348,8.479999999999926,2009504.3599999994
349,8.489999999999926,2006594.9299999992
350,8.499999999999925,2015230.0999999999
351,8.509999999999925,2013745.2699999996
352,8.519999999999925,2014730.8199999996
353,8.529999999999925,2019146.3299999998
354,8.539999999999925,2013786.8399999999
355,8.549999999999924,2013236.7499999995
356,8.559999999999924,2020436.2999999993
357,8.569999999999924,2009297.5999999996
358,8.579999999999924,2017855.1999999995
359,8.589999999999923,2011849.2499999995
360,8.599999999999923,2010872.0499999993
361,8.609999999999923,2020034.2
362,8.619999999999923,2024707.9499999995
363,8.629999999999923,2017723.3999999992
364,8.639999999999922,2015249.299999999
365,8.649999999999922,2017604.7499999998
366,8.659999999999922,2004021.6299999994
367,8.669999999999922,2018989.9599999995
368,8.679999999999922,2009630.0899999992
369,8.689999999999921,2011553.0199999996
370,8.699999999999921,2016602.5499999998
371,8.709999999999921,2019933.9799999997
372,8.71999999999992,2019299.2599999993
373,8.72999999999992,2011605.4099999995
374,8.73999999999992,2011803.3299999998
375,8.74999999999992,2019390.6499999997
376,8.75999999999992,2015924.3699999996
377,8.76999999999992,2010141.64
378,8.77999999999992,2026543.8599999996
379,8.78999999999992,2018939.5299999993
380,8.799999999999919,2019386.6499999994
381,8.809999999999919,2015352.1199999994
382,8.819999999999919,2014149.04
383,8.829999999999918,2017286.2599999993
384,8.839999999999918,2024572.4799999995
385,8.849999999999918,2012462.7999999993
386,8.859999999999918,2017927.4699999995
387,8.869999999999918,2013783.4399999997
388,8.879999999999917,2023561.2099999993
389,8.889999999999917,2018327.9799999995
390,8.899999999999917,2020841.1999999993
391,8.909999999999917,2025960.5199999996
392,8.919999999999916,2014043.3699999996
393,8.929999999999916,2016060.2299999995
394,8.939999999999916,2020768.239999999
395,8.949999999999916,2024144.2499999995
396,8.959999999999916,2009623.2599999993
397,8.969999999999915,2021882.6199999996
398,8.979999999999915,2022651.93
399,8.989999999999915,2017096.0999999999
400,8.999999999999915,2014010.6999999995
401,9.009999999999915,2023138.5999999999
402,9.019999999999914,2017401.3499999996
403,9.029999999999914,2016664.0499999993
404,9.039999999999914,2026859.8999999994
405,9.049999999999914,2022355.049999999
406,9.059999999999913,2018966.2
407,9.069999999999913,2021758.8999999994
408,9.079999999999913,2015020.9999999993
409,9.089999999999913,2021145.5999999994
410,9.099999999999913,2019437.3499999996
411,9.109999999999912,2025248.3899999994
412,9.119999999999912,2015661.4799999995
413,9.129999999999912,2026530.2699999998
414,9.139999999999912,2019828.4099999995
415,9.149999999999912,2017700.6999999997
416,9.159999999999911,2018995.7899999993
417,9.169999999999911,2012243.9799999997
418,9.179999999999911,2022696.6399999997
419,9.18999999999991,2021588.0199999993
420,9.19999999999991,2020906.5499999998
421,9.20999999999991,2021748.9199999995
422,9.21999999999991,2023112.5399999996
423,9.22999999999991,2019030.66
424,9.23999999999991,2012717.1299999994
425,9.24999999999991,2021568.9999999998
426,9.25999999999991,2024013.9199999997
427,9.269999999999909,2023317.0899999994
428,9.279999999999909,2028592.1099999992
429,9.289999999999909,2017421.2799999996
430,9.299999999999908,2019370.6499999997
431,9.309999999999908,2014180.3499999996
432,9.319999999999908,2027057.7499999993
433,9.329999999999908,2022711.0899999996
434,9.339999999999907,2019582.3899999994
435,9.349999999999907,2014891.7499999998
436,9.359999999999907,2019915.6599999997
437,9.369999999999907,2025280.1699999992
438,9.379999999999907,2025684.2299999995
439,9.389999999999906,2026054.6399999997
440,9.399999999999906,2019207.1499999997
441,9.409999999999906,2027306.0599999994
442,9.419999999999906,2020215.7199999997
443,9.429999999999906,2009656.9799999995
444,9.439999999999905,2022709.9899999995
445,9.449999999999905,2022235.8499999996
446,9.459999999999905,2018995.6499999994
447,9.469999999999905,2023577.7
448,9.479999999999905,2032806.1999999995
449,9.489999999999904,2017882.4499999993
450,9.499999999999904,2022496.8999999992
451,9.509999999999904,2014884.9
452,9.519999999999904,2017603.8999999997
453,9.529999999999903,2016243.1699999997
454,9.539999999999903,2021528.5599999991
455,9.549999999999903,2021479.3999999994
456,9.559999999999903,2033786.0899999994
457,9.569999999999903,2024150.3299999996
458,9.579999999999902,2015736.5899999999
459,9.589999999999902,2024178.0299999993
460,9.599999999999902,2024930.6999999997
461,9.609999999999902,2028135.3499999994
462,9.619999999999902,2018612.6999999995
463,9.629999999999901,2018567.2999999996
464,9.639999999999901,2022039.3999999997
465,9.6499999999999,2010490.4999999998
466,9.6599999999999,2024926.0399999998
467,9.6699999999999,2020274.7799999996
468,9.6799999999999,2030061.1199999999
469,9.6899999999999,2024813.5599999996
470,9.6999999999999,2030286.2999999993
471,9.7099999999999,2025498.9299999997
472,9.7199999999999,2024846.8099999996
473,9.7299999999999,2024039.3399999994
474,9.739999999999899,2019010.2299999995
475,9.749999999999899,2025556.9999999995
476,9.759999999999899,2018563.7599999993
477,9.769999999999898,2022855.5999999992
478,9.779999999999898,2021777.699999999
479,9.789999999999898,2024162.5499999996
480,9.799999999999898,2023551.0499999998
481,9.809999999999897,2026566.2999999998
482,9.819999999999897,2023286.6499999992
483,9.829999999999897,2021870.7499999995
484,9.839999999999897,2028835.4999999998
485,9.849999999999897,2022555.5999999994
486,9.859999999999896,2026502.5499999993
487,9.869999999999896,2019622.2499999995
488,9.879999999999896,2026401.0499999998
489,9.889999999999896,2016807.95
490,9.899999999999896,2028907.949999999
491,9.909999999999895,2018584.5899999999
492,9.919999999999895,2031883.4799999997
493,9.929999999999895,2024398.5199999993
494,9.939999999999895,2023174.8699999992
495,9.949999999999894,2025617.7499999993
496,9.959999999999894,2023624.3199999991
497,9.969999999999894,2028287.6399999994
498,9.979999999999894,2021017.6099999994
499,9.989999999999894,2026269.8999999992
500,9.999999999999893,2014878.4999999993
501,10.009999999999893,2022237.689999999
502,10.019999999999893,2026395.4599999995
503,10.029999999999893,2024205.1599999995
504,10.039999999999893,2032085.6799999992
505,10.049999999999892,2028553.3499999996
506,10.059999999999892,2014768.9199999995
507,10.069999999999892,2036161.6899999997
508,10.079999999999892,2015611.5099999993
509,10.089999999999892,2027018.7799999993
510,10.099999999999891,2024625.5999999994
511,10.109999999999891,2029520.1699999992
512,10.11999999999989,2029308.9199999995
513,10.12999999999989,2026929.4999999993
514,10.13999999999989,2024072.8999999992
515,10.14999999999989,2020693.6499999992
516,10.15999999999989,2021887.5399999996
517,10.16999999999989,2030792.6299999994
518,10.17999999999989,2023313.6699999995
519,10.18999999999989,2034616.6099999994
520,10.19999999999989,2020005.5499999989
521,10.209999999999889,2027010.9699999997
522,10.219999999999889,2019314.6999999997
523,10.229999999999889,2015462.239999999
524,10.239999999999888,2013916.0499999996
525,10.249999999999888,2026621.2499999995
526,10.259999999999888,2029728.6799999995
527,10.269999999999888,2030363.2899999996
528,10.279999999999887,2032068.1299999992
529,10.289999999999887,2023965.2899999993
530,10.299999999999887,2026430.6499999997
531,10.309999999999887,2038124.9399999995
532,10.319999999999887,2029398.8799999994
533,10.329999999999886,2026348.5699999994
534,10.339999999999886,2030563.409999999
535,10.349999999999886,2039813.1999999995
536,10.359999999999886,2032176.4799999995
537,10.369999999999886,2024454.8599999999
538,10.379999999999885,2027793.5099999995
539,10.389999999999885,2023619.2799999996
540,10.399999999999885,2029530.7999999996
541,10.409999999999885,2026941.799999999
542,10.419999999999884,2025256.149999999
543,10.429999999999884,2021024.4699999995
544,10.439999999999884,2034626.709999999
545,10.449999999999884,2028930.299999999
546,10.459999999999884,2032538.7799999996
547,10.469999999999883,2025409.8399999994
548,10.479999999999883,2030182.959999999
549,10.489999999999883,2029223.6399999994
550,10.499999999999883,2028593.0999999992
551,10.509999999999883,2024541.8399999994
552,10.519999999999882,2024757.6099999996
553,10.529999999999882,2034332.0899999999
554,10.539999999999882,2028272.6299999994
555,10.549999999999882,2029422.2999999993
556,10.559999999999881,2023658.6999999995
557,10.569999999999881,2028035.8499999996
558,10.579999999999881,2029720.749999999
559,10.58999999999988,2022801.5199999996
560,10.59999999999988,2030982.7499999993
561,10.60999999999988,2020177.3599999994
562,10.61999999999988,2030424.5799999991
563,10.62999999999988,2029655.9699999995
564,10.63999999999988,2025272.5099999998
565,10.64999999999988,2025343.2999999996
566,10.65999999999988,2024669.0599999994
567,10.66999999999988,2029622.5499999993
568,10.679999999999879,2027682.799999999
569,10.689999999999879,2029686.559999999
570,10.699999999999878,2022679.549999999
571,10.709999999999878,2018821.7799999998
572,10.719999999999878,2029552.0899999992
573,10.729999999999878,2029135.9299999992
574,10.739999999999878,2026970.5899999996
575,10.749999999999877,2021924.15
576,10.759999999999877,2028200.7399999995
577,10.769999999999877,2030702.2299999995
578,10.779999999999877,2021329.6399999994
579,10.789999999999877,2034428.889999999
580,10.799999999999876,2028045.7499999993
581,10.809999999999876,2033006.2299999995
582,10.819999999999876,2026499.7599999998
583,10.829999999999876,2021659.629999999
584,10.839999999999876,2021702.9499999993
585,10.849999999999875,2034084.8499999996
586,10.859999999999875,2026718.2899999993
587,10.869999999999875,2029903.3199999991
588,10.879999999999875,2028845.7999999996
589,10.889999999999874,2030241.0999999992
590,10.899999999999874,2023196.249999999
591,10.909999999999874,2028031.9699999997
592,10.919999999999874,2028865.3199999996
593,10.929999999999874,2027611.5499999996
594,10.939999999999873,2028726.6599999988
595,10.949999999999873,2029034.5499999993
596,10.959999999999873,2028477.569999999
597,10.969999999999873,2032775.9999999998
598,10.979999999999873,2032948.8599999994
599,10.989999999999872,2033037.489999999
600,10.999999999999872,2029213.8499999994
601,11.009999999999872,2024641.5799999996
602,11.019999999999872,2031101.3099999991
603,11.029999999999871,2025903.6599999995
604,11.039999999999871,2025063.0599999991
605,11.049999999999871,2023040.0499999996
606,11.05999999999987,2026873.549999999
607,11.06999999999987,2024327.8099999994
608,11.07999999999987,2025682.3299999994
609,11.08999999999987,2034426.0599999996
610,11.09999999999987,2025475.6499999992
611,11.10999999999987,2025184.44
612,11.11999999999987,2028446.6599999992
613,11.12999999999987,2026377.1799999995
614,11.13999999999987,2037117.0499999996
615,11.149999999999869,2030028.9499999993
616,11.159999999999869,2025879.7399999988
617,11.169999999999868,2038604.5599999996
618,11.179999999999868,2025859.15
619,11.189999999999868,2030827.6199999996
620,11.199999999999868,2025751.9499999995
621,11.209999999999868,2026428.3999999994
622,11.219999999999867,2026157.6099999996
623,11.229999999999867,2041732.8299999994
624,11.239999999999867,2037856.2599999995
625,11.249999999999867,2025135.9499999997
626,11.259999999999867,2036964.9099999997
627,11.269999999999866,2027462.4199999997
628,11.279999999999866,2022820.0799999991
629,11.289999999999866,2037775.4499999993
630,11.299999999999866,2033811.1499999994
631,11.309999999999865,2034411.5099999993
632,11.319999999999865,2025626.6299999994
633,11.329999999999865,2028945.2799999993
634,11.339999999999865,2024479.2499999998
635,11.349999999999865,2027728.4499999997
636,11.359999999999864,2035702.109999999
637,11.369999999999864,2032794.8499999994
638,11.379999999999864,2040010.2399999993
639,11.389999999999864,2033268.679999999
640,11.399999999999864,2028967.799999999
641,11.409999999999863,2038528.8799999994
642,11.419999999999863,2039661.1499999994
643,11.429999999999863,2035250.6499999994
644,11.439999999999863,2033900.969999999
645,11.449999999999863,2030283.999999999
646,11.459999999999862,2031089.1799999995
647,11.469999999999862,2035549.8299999991
648,11.479999999999862,2024168.5899999994
649,11.489999999999862,2028179.9999999993
650,11.499999999999861,2035429.4499999995
651,11.509999999999861,2032894.3399999994
652,11.519999999999861,2026323.0799999991
653,11.52999999999986,2035186.6099999994
654,11.53999999999986,2026587.5399999993
655,11.54999999999986,2028973.049999999
656,11.55999999999986,2026366.1299999994
657,11.56999999999986,2022970.4299999995
658,11.57999999999986,2031831.2899999996
659,11.58999999999986,2031270.3299999996
660,11.59999999999986,2049378.7499999993
661,11.609999999999859,2026487.0999999992
662,11.619999999999859,2031782.1099999996
663,11.629999999999859,2026923.1499999994
664,11.639999999999858,2025666.5699999994
665,11.649999999999858,2025974.3499999992
666,11.659999999999858,2030595.0399999996
667,11.669999999999858,2027183.7899999989
668,11.679999999999858,2021096.079999999
669,11.689999999999857,2023137.4999999993
670,11.699999999999857,2031626.4499999995
671,11.709999999999857,2027912.9899999995
672,11.719999999999857,2031270.8599999994
673,11.729999999999857,2033727.8599999996
674,11.739999999999856,2027934.2599999993
675,11.749999999999856,2036094.5999999992
676,11.759999999999856,2042028.479999999
677,11.769999999999856,2034596.129999999
678,11.779999999999855,2033590.169999999
679,11.789999999999855,2033188.3199999994
680,11.799999999999855,2034899.549999999
681,11.809999999999855,2039006.4899999995
682,11.819999999999855,2031989.5399999996
683,11.829999999999854,2032374.8499999992
684,11.839999999999854,2040227.7999999996
685,11.849999999999854,2036478.5999999992
686,11.859999999999854,2024530.219999999
687,11.869999999999854,2038587.7299999993
688,11.879999999999853,2031561.1099999994
689,11.889999999999853,2030581.509999999
690,11.899999999999853,2024373.249999999
691,11.909999999999853,2034325.8999999994
692,11.919999999999852,2043221.5299999996
693,11.929999999999852,2034203.9099999995
694,11.939999999999852,2035128.469999999
695,11.949999999999852,2034539.1999999993
696,11.959999999999852,2036161.789999999
697,11.969999999999851,2030688.8699999994
698,11.979999999999851,2034947.6899999995
699,11.989999999999851,2033360.0599999991
700,11.99999999999985,2038502.049999999
701,12.00999999999985,2039630.4599999995
702,12.01999999999985,2031839.4099999995
703,12.02999999999985,2031463.9599999993
704,12.03999999999985,2033778.339999999
705,12.04999999999985,2035340.199999999
706,12.05999999999985,2033582.679999999
707,12.06999999999985,2030549.2399999993
708,12.079999999999849,2028909.799999999
709,12.089999999999849,2029928.8699999996
710,12.099999999999849,2026831.999999999
711,12.109999999999848,2033368.849999999
712,12.119999999999848,2031510.229999999
713,12.129999999999848,2040863.9299999992
714,12.139999999999848,2030753.9899999995
715,12.149999999999848,2040366.0999999992
716,12.159999999999847,2037139.1299999992
717,12.169999999999847,2039157.549999999
718,12.179999999999847,2025245.5899999987
719,12.189999999999847,2035627.2199999993
720,12.199999999999847,2036229.9499999988
721,12.209999999999846,2032071.1699999995
722,12.219999999999846,2037294.8999999992
723,12.229999999999846,2039047.289999999
724,12.239999999999846,2027728.359999999
725,12.249999999999845,2029157.5499999986
726,12.259999999999845,2030219.459999999
727,12.269999999999845,2037915.019999999
728,12.279999999999845,2031911.8199999987
729,12.289999999999845,2042252.5099999988
730,12.299999999999844,2038633.3999999997
731,12.309999999999844,2026487.999999999
732,12.319999999999844,2027603.619999999
733,12.329999999999844,2027424.8899999992
734,12.339999999999844,2039012.779999999
735,12.349999999999843,2030933.0499999996
736,12.359999999999843,2035910.0299999993
737,12.369999999999843,2019997.4399999992
738,12.379999999999843,2028627.8699999992
739,12.389999999999842,2038928.0799999998
740,12.399999999999842,2027245.9999999988
741,12.409999999999842,2037210.949999999
742,12.419999999999842,2028874.5399999993
743,12.429999999999842,2028456.9299999988
744,12.439999999999841,2036003.599999999
745,12.449999999999841,2032546.299999999
746,12.459999999999841,2036796.759999999
747,12.46999999999984,2027998.4099999992
748,12.47999999999984,2028633.2799999993
749,12.48999999999984,2030219.849999999
750,12.49999999999984,2034403.4499999995
751,12.50999999999984,2030014.8399999992
752,12.51999999999984,2028358.1199999992
753,12.52999999999984,2036285.3599999992
754,12.53999999999984,2031528.4099999995
755,12.549999999999839,2030829.8499999994
756,12.559999999999839,2031479.819999999
757,12.569999999999839,2030290.8599999994
758,12.579999999999838,2031629.9499999993
759,12.589999999999838,2036134.7399999993
760,12.599999999999838,2033610.9499999995
761,12.609999999999838,2031560.2999999989
762,12.619999999999838,2026642.3199999996
763,12.629999999999837,2034228.4999999993
764,12.639999999999837,2022047.9
765,12.649999999999837,2030552.8499999996
766,12.659999999999837,2031040.3799999994
767,12.669999999999837,2035317.2999999993
768,12.679999999999836,2030469.4299999995
769,12.689999999999836,2034432.9899999993
770,12.699999999999836,2040558.7999999996
771,12.709999999999836,2041419.0199999989
772,12.719999999999835,2042846.9999999988
773,12.729999999999835,2028299.0899999992
774,12.739999999999835,2026182.1999999993
775,12.749999999999835,2026270.3999999992
776,12.759999999999835,2030114.1099999996
777,12.769999999999834,2030050.7299999988
778,12.779999999999834,2031435.369999999
779,12.789999999999834,2026693.1699999995
780,12.799999999999834,2039638.049999999
781,12.809999999999834,2034747.7299999993
782,12.819999999999833,2030213.6199999994
783,12.829999999999833,2035835.3999999992
784,12.839999999999833,2038582.2299999993
785,12.849999999999833,2030707.799999999
786,12.859999999999832,2020964.2099999993
787,12.869999999999832,2023213.989999999
788,12.879999999999832,2038854.449999999
789,12.889999999999832,2022928.8599999994
790,12.899999999999832,2032702.7999999989
791,12.909999999999831,2031002.8799999997
792,12.919999999999831,2039187.5999999994
793,12.929999999999831,2032668.0099999988
794,12.93999999999983,2031376.7599999998
795,12.94999999999983,2029715.4499999995
796,12.95999999999983,2033693.0999999994
797,12.96999999999983,2028889.929999999
798,12.97999999999983,2033293.8799999997
799,12.98999999999983,2030449.1199999994
800,12.99999999999983,2019718.7
801,13.00999999999983,2038888.0699999994
802,13.019999999999829,2040257.1999999995
803,13.029999999999829,2036895.2199999988
804,13.039999999999829,2038538.8399999994
805,13.049999999999828,2031369.0499999989
806,13.059999999999828,2019057.539999999
807,13.069999999999828,2038417.679999999
808,13.079999999999828,2024271.7199999993
809,13.089999999999828,2031586.6399999992
810,13.099999999999827,2039982.6499999992
811,13.109999999999827,2030277.6799999992
812,13.119999999999827,2024947.9299999992
813,13.129999999999827,2015756.1799999995
814,13.139999999999826,2035042.7699999996
815,13.149999999999826,2034870.799999999
816,13.159999999999826,2033189.429999999
817,13.169999999999826,2037520.609999999
818,13.179999999999826,2031801.7399999995
819,13.189999999999825,2032664.2299999995
820,13.199999999999825,2027940.7499999998
821,13.209999999999825,2026402.0999999992
822,13.219999999999825,2026614.859999999
823,13.229999999999825,2030161.0599999994
824,13.239999999999824,2023668.9499999993
825,13.249999999999824,2025754.9499999993
826,13.259999999999824,2031650.2299999993
827,13.269999999999824,2022316.2899999996
828,13.279999999999824,2034201.2199999995
829,13.289999999999823,2025406.509999999
830,13.299999999999823,2027644.6499999992
831,13.309999999999823,2024591.9899999995
832,13.319999999999823,2026378.889999999
833,13.329999999999822,2029163.3099999996
834,13.339999999999822,2031016.519999999
835,13.349999999999822,2031852.2499999995
836,13.359999999999822,2029220.5399999993
837,13.369999999999822,2026406.6099999992
838,13.379999999999821,2024846.5299999996
839,13.389999999999821,2023193.7899999993
840,13.399999999999821,2031397.249999999
841,13.40999999999982,2025128.5999999992
842,13.41999999999982,2025573.969999999
843,13.42999999999982,2025375.2599999993
844,13.43999999999982,2026727.4399999992
845,13.44999999999982,2031396.6499999992
846,13.45999999999982,2029345.5499999996
847,13.46999999999982,2027097.009999999
848,13.47999999999982,2026324.669999999
849,13.489999999999819,2031185.0199999996
850,13.499999999999819,2022761.0999999994
851,13.509999999999819,2029886.4899999995
852,13.519999999999818,2031426.8799999994
853,13.529999999999818,2026172.3699999992
854,13.539999999999818,2031977.4899999995
855,13.549999999999818,2027828.499999999
856,13.559999999999818,2021991.7999999993
857,13.569999999999817,2027001.6499999994
858,13.579999999999817,2027701.1199999992
859,13.589999999999817,2026799.5299999989
860,13.599999999999817,2031437.899999999
861,13.609999999999816,2030769.6599999995
862,13.619999999999816,2026162.929999999
863,13.629999999999816,2030831.8799999997
864,13.639999999999816,2028530.6399999992
865,13.649999999999816,2030420.7999999993
866,13.659999999999815,2033148.7299999993
867,13.669999999999815,2027777.919999999
868,13.679999999999815,2030867.5999999994
869,13.689999999999815,2020108.6899999992
870,13.699999999999815,2024736.6499999997
871,13.709999999999814,2022043.5599999994
872,13.719999999999814,2020931.3499999999
873,13.729999999999814,2027558.3799999987
874,13.739999999999814,2022909.9899999995
875,13.749999999999813,2029929.2499999993
876,13.759999999999813,2020649.1199999992
877,13.769999999999813,2028727.5299999996
878,13.779999999999813,2017305.8899999992
879,13.789999999999813,2023394.1799999992
880,13.799999999999812,2029687.099999999
881,13.809999999999812,2029050.9499999995
882,13.819999999999812,2024626.9099999992
883,13.829999999999812,2025604.8199999994
884,13.839999999999812,2030677.579999999
885,13.849999999999811,2029383.8999999992
886,13.859999999999811,2022965.8599999994
887,13.869999999999811,2019969.289999999
888,13.87999999999981,2027552.979999999
889,13.88999999999981,2028112.799999999
890,13.89999999999981,2024023.7999999993
891,13.90999999999981,2025252.2899999989
892,13.91999999999981,2030795.9999999998
893,13.92999999999981,2019079.5699999991
894,13.93999999999981,2024336.9699999997
895,13.94999999999981,2025507.449999999
896,13.959999999999809,2023296.2999999993
897,13.969999999999809,2019516.9299999995
898,13.979999999999809,2019706.589999999
899,13.989999999999808,2027431.1399999992
900,13.999999999999808,2023848.9999999993
901,14.009999999999808,2022445.1099999992
902,14.019999999999808,2033259.7199999993
903,14.029999999999808,2027397.5699999994
904,14.039999999999807,2030076.3499999992
905,14.049999999999807,2029602.0499999996
906,14.059999999999807,2029669.7599999988
907,14.069999999999807,2023553.0799999991
908,14.079999999999806,2024148.9199999992
909,14.089999999999806,2022790.2399999998
910,14.099999999999806,2022186.549999999
911,14.109999999999806,2020760.3599999994
912,14.119999999999806,2024483.4799999995
913,14.129999999999805,2021406.8099999991
914,14.139999999999805,2027108.2499999995
915,14.149999999999805,2028580.5999999992
916,14.159999999999805,2025160.769999999
917,14.169999999999805,2019487.4499999988
918,14.179999999999804,2012415.1799999992
919,14.189999999999804,2015641.5699999994
920,14.199999999999804,2023534.1999999993
921,14.209999999999804,2029737.2199999993
922,14.219999999999803,2025430.699999999
923,14.229999999999803,2023387.0499999989
924,14.239999999999803,2027914.1199999987
925,14.249999999999803,2027956.2999999996
926,14.259999999999803,2025296.3999999994
927,14.269999999999802,2019372.7299999993
928,14.279999999999802,2019148.1599999995
929,14.289999999999802,2024201.4699999995
930,14.299999999999802,2015784.9499999988
931,14.309999999999802,2014082.6299999992
932,14.319999999999801,2023486.1299999992
933,14.329999999999801,2019183.1399999997
934,14.339999999999801,2017122.259999999
935,14.3499999999998,2022939.2499999995
936,14.3599999999998,2021767.0899999994
937,14.3699999999998,2021653.4799999986
938,14.3799999999998,2013708.799999999
939,14.3899999999998,2019831.8099999998
940,14.3999999999998,2016640.6499999997
941,14.4099999999998,2009975.779999999
942,14.4199999999998,2023841.2099999993
943,14.429999999999799,2023741.2899999993
944,14.439999999999799,2022749.4599999993
945,14.449999999999799,2027791.999999999
946,14.459999999999798,2018961.2299999993
947,14.469999999999798,2029613.789999999
948,14.479999999999798,2024182.4899999993
949,14.489999999999798,2017667.5199999993
950,14.499999999999797,2025134.2999999993
951,14.509999999999797,2026044.349999999
952,14.519999999999797,2016097.1499999992
953,14.529999999999797,2021879.97
954,14.539999999999797,2016307.9099999997
955,14.549999999999796,2015744.649999999
956,14.559999999999796,2016944.0599999998
957,14.569999999999796,2026172.1099999994
958,14.579999999999796,2014548.0999999994
959,14.589999999999796,2014955.7299999993
960,14.599999999999795,2017458.2999999996
961,14.609999999999795,2025243.7499999995
962,14.619999999999795,2019650.1799999992
963,14.629999999999795,2021698.8399999996
964,14.639999999999795,2014927.7999999993
965,14.649999999999794,2014077.6499999994
966,14.659999999999794,2014529.3399999992
967,14.669999999999794,2021201.5699999996
968,14.679999999999794,2016257.1899999992
969,14.689999999999793,2017439.0799999996
970,14.699999999999793,2019490.5999999994
971,14.709999999999793,2005845.4299999995
972,14.719999999999793,2017248.7999999993
973,14.729999999999793,2018325.0999999994
974,14.739999999999792,2022248.3599999994
975,14.749999999999792,2023685.799999999
976,14.759999999999792,2009185.1099999994
977,14.769999999999792,2016252.5099999993
978,14.779999999999792,2012151.249999999
979,14.789999999999791,2016388.9799999995
980,14.799999999999791,2014774.499999999
981,14.80999999999979,2019060.7599999993
982,14.81999999999979,2016145.3799999992
983,14.82999999999979,2026735.6499999992
984,14.83999999999979,2020335.2399999993
985,14.84999999999979,2016182.8999999994
986,14.85999999999979,2015965.4599999993
987,14.86999999999979,2012940.239999999
988,14.87999999999979,2021897.029999999
989,14.88999999999979,2010100.9699999993
990,14.899999999999789,2022015.4999999995
991,14.909999999999789,2017193.6899999995
992,14.919999999999789,2013074.149999999
993,14.929999999999788,2023149.2199999995
994,14.939999999999788,2005920.6099999999
995,14.949999999999788,2021476.9999999995
996,14.959999999999788,2013217.8099999994
997,14.969999999999787,2023270.5999999996
998,14.979999999999787,2016884.97
999,14.989999999999787,2017692.799999999
1000,14.999999999999787,2015484.5499999993
1001,15.009999999999787,2007573.0499999989
1002,15.019999999999786,2014761.3399999996
1003,15.029999999999786,2011099.799999999
1004,15.039999999999786,2013497.4899999995
1005,15.049999999999786,2010034.7999999993
1006,15.059999999999786,2023602.4299999995
1007,15.069999999999785,2012052.9799999993
1008,15.079999999999785,2006277.169999999
1009,15.089999999999785,2024392.7999999993
1010,15.099999999999785,2022174.949999999
1011,15.109999999999784,2015028.39
1012,15.119999999999784,2007934.5999999996
1013,15.129999999999784,2017804.6699999992
1014,15.139999999999784,2007773.9599999997
1015,15.149999999999784,2011294.6999999993
1016,15.159999999999783,2010293.9499999995
1017,15.169999999999783,2011446.789999999
1018,15.179999999999783,2011765.7699999996
1019,15.189999999999783,2005377.1399999992
1020,15.199999999999783,2023605.7999999993
1021,15.209999999999782,2014230.5699999994
1022,15.219999999999782,2006373.8199999996
1023,15.229999999999782,2013112.779999999
1024,15.239999999999782,2014158.1499999997
1025,15.249999999999782,2012163.95
1026,15.259999999999781,2005521.579999999
1027,15.269999999999781,2015816.9899999995
1028,15.27999999999978,2013408.6199999994
1029,15.28999999999978,2007165.3499999994
1030,15.29999999999978,2001042.65
1031,15.30999999999978,2019050.9299999995
1032,15.31999999999978,2011111.8199999994
1033,15.32999999999978,2007279.6899999997
1034,15.33999999999978,2018658.3999999994
1035,15.34999999999978,2008147.4499999995
1036,15.35999999999978,2008272.8199999991
1037,15.369999999999779,2014047.0799999991
1038,15.379999999999779,2007845.8499999999
1039,15.389999999999779,2010997.9399999997
1040,15.399999999999778,2012448.4499999995
1041,15.409999999999778,2014797.7399999995
1042,15.419999999999778,2010354.2799999998
1043,15.429999999999778,2001220.91
1044,15.439999999999777,2008460.5099999993
1045,15.449999999999777,2009899.2499999993
1046,15.459999999999777,2012372.0799999994
1047,15.469999999999777,2011381.8599999994
1048,15.479999999999777,2012398.3799999994
1049,15.489999999999776,2015201.0599999996
1050,15.499999999999776,2015099.9499999993
1051,15.509999999999776,2009602.7599999998
1052,15.519999999999776,1999748.0999999999
1053,15.529999999999776,2010103.9099999997
1054,15.539999999999775,2011607.7399999993
1055,15.549999999999775,1998919.9999999993
1056,15.559999999999775,2013036.8099999996
1057,15.569999999999775,2016443.1899999997
1058,15.579999999999774,2001763.5499999998
1059,15.589999999999774,2007551.8799999997
1060,15.599999999999774,2012390.9499999993
1061,15.609999999999774,2013276.3999999994
1062,15.619999999999774,2003998.4699999995
1063,15.629999999999773,2008803.4199999995
1064,15.639999999999773,2010911.09
1065,15.649999999999773,2000375.749999999
1066,15.659999999999773,2017188.5499999996
1067,15.669999999999773,2005891.0799999998
1068,15.679999999999772,2003521.0099999998
1069,15.689999999999772,2005693.9900000002
1070,15.699999999999772,2008707.7499999993
1071,15.709999999999772,2015532.8499999996
1072,15.719999999999771,1997566.0899999992
1073,15.729999999999771,2008085.9199999992
1074,15.739999999999771,2014151.7199999995
1075,15.74999999999977,2014839.4999999993
1076,15.75999999999977,1997341.209999999
1077,15.76999999999977,2002174.4999999995
1078,15.77999999999977,2006324.6099999996
1079,15.78999999999977,2006521.4499999995
1080,15.79999999999977,2007871.6499999994
1081,15.80999999999977,2001146.1499999994
1082,15.81999999999977,2005069.4899999993
1083,15.82999999999977,1999935.989999999
1084,15.839999999999769,2006949.4099999995
1085,15.849999999999769,1997836.9499999993
1086,15.859999999999769,2002835.1699999997
1087,15.869999999999768,2005312.4799999995
1088,15.879999999999768,2010865.9699999993
1089,15.889999999999768,2012094.2399999998
1090,15.899999999999768,2001940.9
1091,15.909999999999767,2003558.5899999996
1092,15.919999999999767,2006041.3799999997
1093,15.929999999999767,2004937.8899999997
1094,15.939999999999767,1996232.2699999996
1095,15.949999999999767,2010400.0999999994
1096,15.959999999999766,2010856.3999999997
1097,15.969999999999766,2006172.4599999993
1098,15.979999999999766,1995741.8099999996
1099,15.989999999999766,2009351.9299999997
1100,15.999999999999766,2001922.6499999992
1101,16.009999999999764,2004638.3899999994
1102,16.019999999999765,1997451.2299999995
1103,16.029999999999767,1998597.49
1104,16.039999999999765,2003525.9899999998
1105,16.049999999999763,2001997.5499999993
1106,16.059999999999764,2014292.1599999992
1107,16.069999999999766,2004994.8999999992
1108,16.079999999999764,2002162.2599999995
1109,16.089999999999762,1989027.0299999996
1110,16.099999999999763,1990698.0999999994
1111,16.109999999999765,2009636.1299999994
1112,16.119999999999763,2003082.67
1113,16.12999999999976,1997056.4999999995
1114,16.139999999999763,2007469.8599999994
1115,16.149999999999764,2014244.9499999995
1116,16.159999999999762,2004367.0299999993
1117,16.16999999999976,2000759.3399999994
1118,16.17999999999976,2005904.9999999993
1119,16.189999999999763,2009546.8299999991
1120,16.19999999999976,2003510.5499999993
1121,16.20999999999976,1997981.8299999994
1122,16.21999999999976,2002622.0799999998
1123,16.229999999999762,1994474.91
1124,16.23999999999976,2013833.8999999997
1125,16.24999999999976,2004843.5999999994
1126,16.25999999999976,2009035.4099999997
1127,16.26999999999976,2005391.399999999
1128,16.27999999999976,2002892.9899999995
1129,16.289999999999758,1990723.1799999997
1130,16.29999999999976,2005231.4499999997
1131,16.30999999999976,1996575.4299999995
1132,16.31999999999976,2000398.0999999996
1133,16.329999999999757,2007146.6399999994
1134,16.33999999999976,2009219.3999999997
1135,16.34999999999976,1998558.4499999995
1136,16.359999999999758,2002693.3099999996
1137,16.369999999999756,2004792.6899999997
1138,16.379999999999757,2000279.8499999992
1139,16.38999999999976,2011715.3399999994
1140,16.399999999999757,2004617.6999999995
1141,16.409999999999755,2007043.1499999997
1142,16.419999999999757,2006630.6199999996
1143,16.429999999999758,2013671.3800000001
1144,16.439999999999756,1997626.1099999994
1145,16.449999999999754,2008906.0499999998
1146,16.459999999999756,2001423.4799999993
1147,16.469999999999757,2000697.4899999993
1148,16.479999999999755,2003312.029999999
1149,16.489999999999753,1999099.5499999996
1150,16.499999999999755,2005701.4499999995
1151,16.509999999999756,2005383.2799999996
1152,16.519999999999754,2003494.219999999
1153,16.529999999999752,2000551.2199999997
1154,16.539999999999754,2003401.1899999995
1155,16.549999999999756,2006890.3999999997
1156,16.559999999999754,2001865.3399999996
1157,16.56999999999975,2009895.8399999992
1158,16.579999999999753,2001718.9799999997
1159,16.589999999999755,2000440.2499999998
1160,16.599999999999753,1999689.9999999995
1161,16.60999999999975,2000502.7799999993
1162,16.619999999999752,1995782.5299999996
1163,16.629999999999754,2000356.9999999993
1164,16.639999999999752,2001863.6099999999
1165,16.64999999999975,1999362.1999999997
1166,16.65999999999975,2000368.7599999995
1167,16.669999999999753,1997582.6799999997
1168,16.67999999999975,2000105.6899999995
1169,16.68999999999975,2000601.9999999993
1170,16.69999999999975,2003138.1999999995
1171,16.709999999999752,2001039.24
1172,16.71999999999975,2006340.1199999994
1173,16.729999999999748,1994914.7099999993
1174,16.73999999999975,1998696.9499999993
1175,16.74999999999975,1999625.7999999996
1176,16.75999999999975,1995124.019999999
1177,16.769999999999747,1996606.5699999996
1178,16.77999999999975,1997473.6099999999
1179,16.78999999999975,2003213.7399999998
1180,16.79999999999975,1993859.7499999995
1181,16.809999999999746,2003021.1199999994
1182,16.819999999999748,1995823.41
1183,16.82999999999975,1990855.89
1184,16.839999999999748,2004772.3899999994
1185,16.849999999999746,2001670.9499999995
1186,16.859999999999747,2003268.1399999994
1187,16.86999999999975,2003045.1899999995
1188,16.879999999999747,2002472.1
1189,16.889999999999745,2004511.1499999997
1190,16.899999999999746,1999780.9
1191,16.909999999999748,1990379.5099999998
1192,16.919999999999746,2006238.9299999995
1193,16.929999999999744,1998177.0999999994
1194,16.939999999999745,1996577.3899999997
1195,16.949999999999747,2002234.8999999997
1196,16.959999999999745,2004821.9799999995
1197,16.969999999999743,2002645.1999999995
1198,16.979999999999745,1996164.8599999996
1199,16.989999999999746,1998250.5999999992
1200,16.999999999999744,1994623.4499999997
1201,17.009999999999742,1991820.9399999997
1202,17.019999999999744,1988143.8099999996
1203,17.029999999999745,1994821.18
1204,17.039999999999743,1995763.67
1205,17.04999999999974,1999256.1500000001
1206,17.059999999999743,2007896.5299999993
1207,17.069999999999744,2005127.7199999997
1208,17.079999999999742,1996881.88
1209,17.08999999999974,1999839.9799999997
1210,17.099999999999742,1994650.0999999996
1211,17.109999999999744,1994096.6599999992
1212,17.11999999999974,1985590.9099999992
1213,17.12999999999974,1994980.2399999995
1214,17.13999999999974,1996504.98
1215,17.149999999999743,1998574.0499999996
1216,17.15999999999974,1998087.6299999997
1217,17.16999999999974,2000901.1699999995
1218,17.17999999999974,1996356.5299999996
1219,17.189999999999742,2002831.1799999995
1220,17.19999999999974,2002391.5499999998
1221,17.209999999999738,1990242.4099999995
1222,17.21999999999974,1996364.6199999996
1223,17.22999999999974,1996916.9999999998
1224,17.23999999999974,1996876.4099999992
1225,17.249999999999737,2002000.5499999998
1226,17.25999999999974,1992393.1899999995
1227,17.26999999999974,2002121.4599999997
1228,17.27999999999974,1996458.19
1229,17.289999999999736,1995668.3099999996
1230,17.299999999999738,2000137.2499999998
1231,17.30999999999974,1999699.8799999994
1232,17.319999999999737,1996978.7499999995
1233,17.329999999999735,1995121.5399999996
1234,17.339999999999737,1994213.0899999999
1235,17.34999999999974,1991102.5999999994
1236,17.359999999999737,2002612.0999999999
1237,17.369999999999735,2002132.3099999996
1238,17.379999999999736,1991315.6399999997
1239,17.389999999999738,1998297.03
1240,17.399999999999736,1998440.2999999993
1241,17.409999999999734,1987791.9899999998
1242,17.419999999999735,1987778.0999999994
1243,17.429999999999737,2000391.4599999997
1244,17.439999999999735,1993947.3899999994
1245,17.449999999999733,1998610.3499999996
1246,17.459999999999734,2000735.9799999995
1247,17.469999999999736,1999190.63
1248,17.479999999999734,1993778.0599999998
1249,17.489999999999732,1992316.9199999995
1250,17.499999999999734,1992441.5999999996
1251,17.509999999999735,1996419.9299999995
1252,17.519999999999733,1999856.4299999995
1253,17.52999999999973,1996522.2299999997
1254,17.539999999999733,1996428.7499999995
1255,17.549999999999734,2000995.9499999997
1256,17.559999999999732,2002178.6999999997
1257,17.56999999999973,2000385.6999999995
1258,17.579999999999732,2009012.47
1259,17.589999999999733,1992113.42
1260,17.59999999999973,1986198.7999999998
1261,17.60999999999973,1992478.2499999995
1262,17.61999999999973,1988018.8399999999
1263,17.629999999999733,1993697.9799999995
1264,17.63999999999973,1992332.1599999992
1265,17.64999999999973,1986943.7499999998
1266,17.65999999999973,2000443.9999999995
1267,17.66999999999973,1994233.8199999994
1268,17.67999999999973,1980753.5599999998
1269,17.689999999999728,1990803.5599999998
1270,17.69999999999973,1997081.55
1271,17.70999999999973,1992371.1499999997
1272,17.71999999999973,1987420.7399999995
1273,17.729999999999727,1993909.6999999997
1274,17.73999999999973,1987599.9999999995
1275,17.74999999999973,1993614.2499999998
1276,17.759999999999728,1994439.2400000002
1277,17.769999999999726,1989286.1599999992
1278,17.779999999999728,1997451.4800000002
1279,17.78999999999973,1992109.5899999996
1280,17.799999999999727,2000839.4
1281,17.809999999999725,1996809.5599999998
1282,17.819999999999727,2002787.4199999995
1283,17.82999999999973,1996150.8899999994
1284,17.839999999999726,1986499.21
1285,17.849999999999724,1989996.45
1286,17.859999999999726,1999435.7699999998
1287,17.869999999999727,1992516.6699999995
1288,17.879999999999725,1993009.08
1289,17.889999999999723,1995575.2800000003
1290,17.899999999999725,1990633.6499999997
1291,17.909999999999727,1996427.3699999992
1292,17.919999999999725,1993871.97
1293,17.929999999999723,1986306.1399999997
1294,17.939999999999724,1991902.9999999995
1295,17.949999999999726,1984311.1999999997
1296,17.959999999999724,1984574.4399999997
1297,17.96999999999972,1993598.6399999997
1298,17.979999999999723,1987948.4299999997
1299,17.989999999999725,1990718.1499999997
1300,17.999999999999723,1998529.6999999995
1301,18.00999999999972,1992762.5299999998
1302,18.019999999999722,1991354.6199999994
1303,18.029999999999724,1995117.5299999996
1304,18.039999999999722,1995268.5199999998
1305,18.04999999999972,1980027.0999999996
1306,18.05999999999972,1999388.09
1307,18.069999999999723,1983086.8899999992
1308,18.07999999999972,1977496.8599999996
1309,18.08999999999972,1993156.97
1310,18.09999999999972,1990741.0999999999
1311,18.109999999999722,1993529.1599999992
1312,18.11999999999972,1988716.8299999998
1313,18.12999999999972,1991325.5899999994
1314,18.13999999999972,2000687.8499999994
1315,18.14999999999972,1984514.65
1316,18.15999999999972,1982871.2599999995
1317,18.169999999999717,1994559.8800000001
1318,18.17999999999972,1989599.9099999997
1319,18.18999999999972,1994587.8399999996
1320,18.19999999999972,1986886.1999999997
1321,18.209999999999717,1988783.06
1322,18.219999999999718,1980989.04
1323,18.22999999999972,1985348.0599999996
1324,18.239999999999718,1982695.5699999998
1325,18.249999999999716,1987428.2999999996
1326,18.259999999999717,1998023.539999999
1327,18.26999999999972,1991129.76
1328,18.279999999999717,1983845.9299999997
1329,18.289999999999715,1991675.7099999993
1330,18.299999999999716,1987090.6499999994
1331,18.309999999999718,1987520.2499999995
1332,18.319999999999716,1986149.4299999997
1333,18.329999999999714,1991734.3299999998
1334,18.339999999999716,1994396.2799999998
1335,18.349999999999717,1991842.4499999995
1336,18.359999999999715,1986699.9699999995
1337,18.369999999999713,1987870.8699999996
1338,18.379999999999715,1990334.7999999993
1339,18.389999999999716,1984639.97
1340,18.399999999999714,1994626.15
1341,18.409999999999712,1994069.2900000003
1342,18.419999999999714,1983262.76
1343,18.429999999999715,1983069.9399999997
1344,18.439999999999714,1989237.1999999997
1345,18.44999999999971,1988533.8000000003
1346,18.459999999999713,1991845.9099999997
1347,18.469999999999715,1993393.5999999994
1348,18.479999999999713,1981870.4699999993
1349,18.48999999999971,1991512.09
1350,18.499999999999712,1985711.5999999999
1351,18.509999999999714,1985690.6699999995
1352,18.519999999999712,1986508.5899999994
1353,18.52999999999971,1995278.2
1354,18.53999999999971,1991089.7700000003
1355,18.549999999999713,1988861.9999999998
1356,18.55999999999971,1989419.2699999998
1357,18.56999999999971,1992528.4799999997
1358,18.57999999999971,1993428.8399999996
1359,18.589999999999712,1979916.8699999996
1360,18.59999999999971,1996306.35
1361,18.609999999999708,1997575.9099999997
1362,18.61999999999971,1994680.6299999997
1363,18.62999999999971,1987215.0399999993
1364,18.63999999999971,1988839.44
1365,18.649999999999707,1997795.9000000001
1366,18.65999999999971,1986496.0999999994
1367,18.66999999999971,1988781.66
1368,18.67999999999971,1998556.4399999997
1369,18.689999999999706,1987236.93
1370,18.699999999999708,1992539.6999999997
1371,18.70999999999971,1986459.0399999996
1372,18.719999999999708,1992544.7599999998
1373,18.729999999999706,2001418.2100000002
1374,18.739999999999707,1992246.5199999996
1375,18.74999999999971,1986697.7999999998
1376,18.759999999999707,1984032.3599999999
1377,18.769999999999705,1993617.6700000002
1378,18.779999999999706,1983115.22
1379,18.789999999999708,1988538.1299999997
1380,18.799999999999706,1990061.6999999995
1381,18.809999999999704,1990527.7699999993
1382,18.819999999999705,1988449.7899999996
1383,18.829999999999707,1990363.6199999994
1384,18.839999999999705,1995830.2799999998
1385,18.849999999999703,1992453.5
1386,18.859999999999705,1989348.4499999995
1387,18.869999999999706,1985720.0799999996
1388,18.879999999999704,1988955.1700000002
1389,18.889999999999702,1985170.5300000003
1390,18.899999999999704,1990170.2000000002
1391,18.909999999999705,1991494.1999999995
1392,18.919999999999703,1996995.98
1393,18.9299999999997,1985776.9699999997
1394,18.939999999999703,1985683.6199999996
1395,18.949999999999704,1988948.0999999996
1396,18.959999999999702,1997129.21
1397,18.9699999999997,2001208.6299999994
1398,18.979999999999702,1994105.1899999995
1399,18.989999999999704,1981705.3399999999
1400,18.9999999999997,1989973.5999999999
1401,19.0099999999997,1986271.9
1402,19.0199999999997,1994205.7999999998
1403,19.029999999999703,1987907.6500000001
1404,19.0399999999997,1985545.9100000004
1405,19.0499999999997,1985883.1499999997
1406,19.0599999999997,1996652.0799999996
1407,19.069999999999702,1988318.5099999998
1408,19.0799999999997,1994047.4600000002
1409,19.089999999999698,1984246.1099999996
1410,19.0999999999997,1989781.7999999998
1411,19.1099999999997,1995661.2799999996
1412,19.1199999999997,1972617.8199999996
1413,19.129999999999697,1983943.55
1414,19.1399999999997,1984648.8099999998
1415,19.1499999999997,1988424.0499999998
1416,19.159999999999698,1987219.3199999994
1417,19.169999999999696,1997073.0000000002
1418,19.179999999999698,1993257.7999999993
1419,19.1899999999997,1994014.0699999998
1420,19.199999999999697,1987798.5999999999
1421,19.209999999999695,1990298.8499999999
1422,19.219999999999697,1989472.6299999994
1423,19.2299999999997,1994132.4399999995
1424,19.239999999999696,1981709.12
1425,19.249999999999694,1998698.3999999994
1426,19.259999999999696,1983602.8999999997
1427,19.269999999999698,1991367.2499999998
1428,19.279999999999696,1986810.7199999997
1429,19.289999999999694,1993585.6199999996
1430,19.299999999999695,1990725.1500000004
1431,19.309999999999697,1991540.65
1432,19.319999999999695,1994911.1799999997
1433,19.329999999999693,1992085.3699999999
1434,19.339999999999694,1987697.0199999996
1435,19.349999999999696,1984332.7499999995
1436,19.359999999999694,1994004.4199999997
1437,19.369999999999692,1996114.09
1438,19.379999999999693,1981188.5
1439,19.389999999999695,1995345.2699999996
1440,19.399999999999693,1980865.95
1441,19.40999999999969,1995910.1999999995
1442,19.419999999999693,1990303.8399999996
1443,19.429999999999694,1994565.3499999999
1444,19.439999999999692,1994426.7999999993
1445,19.44999999999969,1988857.0999999994
1446,19.45999999999969,1990571.5999999999
1447,19.469999999999693,1990654.2000000002
1448,19.47999999999969,1973933.95
1449,19.48999999999969,1991264.6099999999
1450,19.49999999999969,1997327.3999999997
1451,19.509999999999692,1993622.0399999998
1452,19.51999999999969,1988291.98
1453,19.52999999999969,1990835.6699999995
1454,19.53999999999969,1993457.4099999997
1455,19.54999999999969,1991235.9499999997
1456,19.55999999999969,1992598.8199999996
1457,19.569999999999688,1994399.0399999993
1458,19.57999999999969,1992022.88
1459,19.58999999999969,1977883.5000000002
1460,19.59999999999969,1994740.5999999992
1461,19.609999999999687,1992292.0499999996
1462,19.61999999999969,1989953.4299999997
1463,19.62999999999969,1994965.6700000002
1464,19.639999999999688,1983703.5699999994
1465,19.649999999999686,1980465.3000000003
1466,19.659999999999688,1988198.1599999997
1467,19.66999999999969,1997475.0700000003
1468,19.679999999999687,1993542.3999999997
1469,19.689999999999685,1984996.6599999997
1470,19.699999999999687,1981249.4
1471,19.709999999999688,1990230.2299999995
1472,19.719999999999686,1975638.6099999996
1473,19.729999999999684,1982633.0399999996
1474,19.739999999999686,1989438.5499999996
1475,19.749999999999687,1986944.45
1476,19.759999999999685,1984532.2499999993
1477,19.769999999999683,1991780.3299999998
1478,19.779999999999685,1989796.2599999995
1479,19.789999999999687,1995227.7400000002
1480,19.799999999999685,1990012.5999999999
1481,19.809999999999683,1991006.6999999997
1482,19.819999999999684,1985189.45
1483,19.829999999999686,1995622.0499999998
1484,19.839999999999684,1998367.4099999995
1485,19.84999999999968,1985100.7999999998
1486,19.859999999999683,1991458.6399999994
1487,19.869999999999685,1989716.23
1488,19.879999999999683,1990635.7199999997
1489,19.88999999999968,1994556.3599999999
1490,19.899999999999682,1984031.1499999992
1491,19.909999999999684,1991491.1899999997
1492,19.919999999999682,1989634.56
1493,19.92999999999968,1996929.3399999996
1494,19.93999999999968,1990377.9699999997
1495,19.949999999999683,1984165.3499999999
1496,19.95999999999968,1991111.5799999998
1497,19.96999999999968,1993188.1099999996
1498,19.97999999999968,1983979.3399999994
1499,19.989999999999682,1992132.1700000004
1500,19.99999999999968,1999903.4999999995
1501,20.00999999999968,1999052.9
1502,20.01999999999968,1995201.88
1503,20.02999999999968,1994100.17
1504,20.03999999999968,1982749.16
1505,20.049999999999677,1990480.7499999998
1506,20.05999999999968,1996202.1799999997
1507,20.06999999999968,1997770.9099999997
1508,20.07999999999968,1992776.16
1509,20.089999999999677,1997541.78
1510,20.099999999999678,1991113.7499999998
1511,20.10999999999968,1991084.4599999997
1512,20.119999999999678,1981359.1199999999
1513,20.129999999999676,1976321.7799999998
1514,20.139999999999677,1989574.3899999997
1515,20.14999999999968,1994810.0999999994
1516,20.159999999999677,1990163.2499999998
1517,20.169999999999675,1995334.5299999998
1518,20.179999999999676,1990798.4599999997
1519,20.189999999999678,1985555.5299999998
1520,20.199999999999676,1993190.4500000002
1521,20.209999999999674,1986908.0599999996
1522,20.219999999999676,1985222.6199999996
1523,20.229999999999677,1990663.2799999998
1524,20.239999999999675,1989129.0399999996
1525,20.249999999999673,1988047.5999999999
1526,20.259999999999675,1991784.7099999997
1527,20.269999999999676,1979932.8199999996
1528,20.279999999999674,1990100.6199999992
1529,20.289999999999672,1985462.17
1530,20.299999999999674,1991369.95
1531,20.309999999999675,1982485.08
1532,20.319999999999673,1981798.7099999995
1533,20.32999999999967,1989261.1899999997
1534,20.339999999999673,1976331.4799999995
1535,20.349999999999675,1988090.6
1536,20.359999999999673,1993929.27
1537,20.36999999999967,1988047.74
1538,20.379999999999672,1984803.7099999995
1539,20.389999999999674,1987890.5299999993
1540,20.39999999999967,1990226.5499999996
1541,20.40999999999967,1977970.0099999995
1542,20.41999999999967,1991151.1700000002
1543,20.429999999999673,1983973.5499999996
1544,20.43999999999967,1992599.4
1545,20.44999999999967,1984870.0499999993
1546,20.45999999999967,1980537.0399999996
1547,20.469999999999672,1990899.2299999995
1548,20.47999999999967,1985656.0199999998
1549,20.489999999999668,1985786.9600000002
1550,20.49999999999967,1990787.1999999997
1551,20.50999999999967,1999493.04
1552,20.51999999999967,1981792.4599999997
1553,20.529999999999667,1992583.8899999997
1554,20.53999999999967,1996880.3699999999
1555,20.54999999999967,1987230.25
1556,20.55999999999967,1997702.3199999998
1557,20.569999999999666,1991223.8399999999
1558,20.579999999999668,1989725.5599999998
1559,20.58999999999967,1987667.2399999995
1560,20.599999999999667,1996733.5999999996
1561,20.609999999999665,1990360.01
1562,20.619999999999667,1995038.9699999997
1563,20.62999999999967,1986810.0499999996
1564,20.639999999999667,1991667.8499999996
1565,20.649999999999665,1993006.15
1566,20.659999999999666,1987260.2799999998
1567,20.669999999999668,1979299.2099999997
1568,20.679999999999666,1984016.4900000002
1569,20.689999999999664,1995880.0199999996
1570,20.699999999999665,1992193.6499999997
1571,20.709999999999667,1985989.0799999998
1572,20.719999999999665,1980685.2099999995
1573,20.729999999999663,1986062.8399999996
1574,20.739999999999664,1984011.7300000004
1575,20.749999999999666,1986175.3499999996
1576,20.759999999999664,1991578.9700000002
1577,20.769999999999662,1988091.3900000001
1578,20.779999999999664,1987876.3599999999
1579,20.789999999999665,1982278.9299999995
1580,20.799999999999663,1992630.75
1581,20.80999999999966,1985614.3199999998
1582,20.819999999999663,1993399.0399999996
1583,20.829999999999664,1999090.4599999995
1584,20.839999999999662,1992952.8899999994
1585,20.84999999999966,1984253.6
1586,20.859999999999662,1993444.35
1587,20.869999999999663,1986332.3499999996
1588,20.87999999999966,1998744.8699999999
1589,20.88999999999966,1987481.5099999998
1590,20.89999999999966,1991306.7499999998
1591,20.909999999999663,1984092.94
1592,20.91999999999966,1999286.63
1593,20.92999999999966,1989750.5200000003
1594,20.93999999999966,1984041.2099999997
1595,20.949999999999662,1993444.9999999998
1596,20.95999999999966,1993348.0399999998
1597,20.969999999999658,1994096.6800000004
1598,20.97999999999966,1973751.9699999997
1599,20.98999999999966,1985408.02
1600,20.99999999999966,1987077.2499999995
1601,21.009999999999657,1989969.68
1602,21.01999999999966,1988391.9099999995
1603,21.02999999999966,1993941.84
1604,21.039999999999658,2001960.5699999996
1605,21.049999999999656,1986247.05
1606,21.059999999999658,1979491.43
1607,21.06999999999966,1988131.1599999995
1608,21.079999999999657,1988320.6400000001
1609,21.089999999999655,1991200.62
1610,21.099999999999657,1995149.0499999996
1611,21.10999999999966,1994051.6799999997
1612,21.119999999999656,1992135.3599999996
1613,21.129999999999654,1985976.5399999998
1614,21.139999999999656,1985265.2699999998
1615,21.149999999999658,1991558.15
1616,21.159999999999656,1996080.5199999993
1617,21.169999999999654,2000118.3899999994
1618,21.179999999999655,1981939.8599999996
1619,21.189999999999657,1982401.7299999997
1620,21.199999999999655,1989992.7999999998
1621,21.209999999999653,1993530.1099999999
1622,21.219999999999654,1986723.6199999999
1623,21.229999999999656,1993852.8999999997
1624,21.239999999999654,1991331.3599999999
1625,21.249999999999652,1986236.8499999999
1626,21.259999999999653,1995876.29
1627,21.269999999999655,1992621.6799999995
1628,21.279999999999653,1983043.3699999996
1629,21.28999999999965,2005785.56
1630,21.299999999999653,1993734.2999999998
1631,21.309999999999654,1989236.2799999998
1632,21.319999999999652,1987804.4900000002
1633,21.32999999999965,1989311.8099999996
1634,21.33999999999965,1988222.9799999995
1635,21.349999999999653,1992883.6499999994
1636,21.35999999999965,2000223.7699999996
1637,21.36999999999965,1998159.6900000002
1638,21.37999999999965,1989388.9099999997
1639,21.389999999999652,1986269.2299999995
1640,21.39999999999965,1986313.3999999994
1641,21.40999999999965,1990061.5699999998
1642,21.41999999999965,1986922.44
1643,21.42999999999965,2001907.7599999998
1644,21.43999999999965,1986107.2299999995
1645,21.449999999999648,1987612.9999999998
1646,21.45999999999965,1995062.7200000004
1647,21.46999999999965,1998950.89
1648,21.47999999999965,1991567.9599999995
1649,21.489999999999647,1986952.3299999996
1650,21.49999999999965,1994412.2499999995
1651,21.50999999999965,1994425.2699999996
1652,21.519999999999648,1996195.2899999998
1653,21.529999999999646,1990718.1600000004
1654,21.539999999999647,1985946.88
1655,21.54999999999965,1983386.5999999999
1656,21.559999999999647,1989766.87
1657,21.569999999999645,1984613.0400000003
1658,21.579999999999647,1991452.4099999997
1659,21.589999999999648,1986311.9799999995
1660,21.599999999999646,1984126.7
1661,21.609999999999644,1990812.4699999995
1662,21.619999999999646,1976605.0399999998
1663,21.629999999999647,1991109.1099999996
1664,21.639999999999645,1998767.3799999994
1665,21.649999999999643,1984403.1499999994
1666,21.659999999999645,1994039.7699999998
1667,21.669999999999646,1991379.8399999996
1668,21.679999999999644,1984083.9100000001
1669,21.689999999999642,1983999.0300000003
1670,21.699999999999644,1995491.6
1671,21.709999999999646,1988553.2700000005
1672,21.719999999999644,1983938.5399999998
1673,21.72999999999964,1991361.3099999996
1674,21.739999999999643,1988354.9299999997
1675,21.749999999999645,2002805.9499999997
1676,21.759999999999643,1983620.61
1677,21.76999999999964,1984873.37
1678,21.779999999999642,1987510.53
1679,21.789999999999644,1993945.3399999999
1680,21.799999999999642,1988183.15
1681,21.80999999999964,1990000.2599999998
1682,21.81999999999964,1989134.92
1683,21.829999999999643,1992676.38
1684,21.83999999999964,1985041.04
1685,21.84999999999964,1988674.3499999996
1686,21.85999999999964,1982920.7600000002
1687,21.869999999999642,1988299.77
1688,21.87999999999964,1991404.5799999996
1689,21.889999999999638,1986775.4900000005
1690,21.89999999999964,1990396.5999999996
1691,21.90999999999964,1990941.66
1692,21.91999999999964,1992370.97
1693,21.929999999999637,1994103.4799999997
1694,21.93999999999964,1992768.5399999993
1695,21.94999999999964,1982625.7999999996
1696,21.95999999999964,1992880.5599999998
1697,21.969999999999636,1983361.4699999997
1698,21.979999999999638,1986686.5799999994
1699,21.98999999999964,1994211.1400000001
1700,21.999999999999638,1983843.8499999994
1701,22.009999999999636,1984394.56
1702,22.019999999999637,1988158.2699999996
1703,22.02999999999964,1989285.4299999997
1704,22.039999999999637,1988244.44
1705,22.049999999999635,1998761.5499999996
1706,22.059999999999636,1986927.0499999998
1707,22.069999999999638,1989785.0999999994
1708,22.079999999999636,1991936.9499999993
1709,22.089999999999634,1995694.7999999998
1710,22.099999999999635,1999398.9500000002
1711,22.109999999999637,1995399.9999999998
1712,22.119999999999635,1984763.7499999993
1713,22.129999999999633,1995726.7499999998
1714,22.139999999999635,1987950.7999999998
1715,22.149999999999636,1994266.2999999993
1716,22.159999999999634,1991184.6999999997
1717,22.169999999999632,1981823.1999999997
1718,22.179999999999634,1994998.9999999998
1719,22.189999999999635,1987830.0499999996
1720,22.199999999999633,1991279.25
1721,22.20999999999963,1986837.1500000001
1722,22.219999999999633,1986635.8999999994
1723,22.229999999999634,1985252.8999999997
1724,22.239999999999633,1992735.0999999999
1725,22.24999999999963,1987199.1499999997
1726,22.259999999999632,1995549.6999999997
1727,22.269999999999634,1989286.1499999994
1728,22.27999999999963,1989751.1500000001
1729,22.28999999999963,1998076.2999999996
1730,22.29999999999963,1987435.9999999998
1731,22.309999999999633,1995767.9499999995
1732,22.31999999999963,1990320.15
1733,22.32999999999963,1976553.6999999997
1734,22.33999999999963,1987971.5499999996
1735,22.349999999999632,1979696.25
1736,22.35999999999963,1991991.5999999992
1737,22.369999999999628,1984452.1999999995
1738,22.37999999999963,1988481.6
1739,22.38999999999963,1985686.65
1740,22.39999999999963,1987887.1499999997
1741,22.409999999999627,1988891.9499999997
1742,22.41999999999963,1997076.3
1743,22.42999999999963,1999911.0499999998
1744,22.43999999999963,1989726.6
1745,22.449999999999626,1986770.9999999993
1746,22.459999999999628,1974829.4499999995
1747,22.46999999999963,1992908.9499999995
1748,22.479999999999627,1990537.2499999998
1749,22.489999999999625,1979747.5999999992
1750,22.499999999999627,1988269.6999999997
1751,22.50999999999963,1993481.65
1752,22.519999999999627,1988630.6499999994
1753,22.529999999999625,2001671.3999999994
1754,22.539999999999626,1979693.8499999994
1755,22.549999999999628,1996900.7999999996
1756,22.559999999999626,1993999.8999999997
1757,22.569999999999624,1994614.9999999995
1758,22.579999999999625,1984983.7999999996
1759,22.589999999999627,1996321.4999999998
1760,22.599999999999625,1988451.2000000002
1761,22.609999999999623,1983449.8999999997
1762,22.619999999999624,1995023.0499999996
1763,22.629999999999626,1995924.1
1764,22.639999999999624,1994070.3999999997
1765,22.649999999999622,1986518.15
1766,22.659999999999624,1993217.9999999998
1767,22.669999999999625,1998345.8499999996
1768,22.679999999999623,1988202.7499999998
1769,22.68999999999962,1988644.1999999997
1770,22.699999999999623,1984311.2999999993
1771,22.709999999999624,1985826.0999999999
1772,22.719999999999622,1992258.4499999997
1773,22.72999999999962,1976088.9999999998
1774,22.739999999999622,1981162.3499999996
1775,22.749999999999623,1990344.2999999998
1776,22.75999999999962,1990818.8499999996
1777,22.76999999999962,1986972.2999999993
1778,22.77999999999962,1988983.1999999995
1779,22.789999999999623,1981862.8499999996
1780,22.79999999999962,1991465.4
1781,22.80999999999962,1995154.6499999997
1782,22.81999999999962,1994650.4000000001
1783,22.82999999999962,1986772.7
1784,22.83999999999962,1979775.5999999996
1785,22.849999999999618,1991216.8
1786,22.85999999999962,1994300.4
1787,22.86999999999962,1992377.1999999997
1788,22.87999999999962,1990385.25
1789,22.889999999999617,1992230.7499999995
1790,22.89999999999962,1991397.0999999996
1791,22.90999999999962,1989360.7
1792,22.919999999999618,1996784.25
1793,22.929999999999616,1997260.2499999998
1794,22.939999999999618,1981463.2
1795,22.94999999999962,1985481.15
1796,22.959999999999617,1991471.95
1797,22.969999999999615,1983965.9499999997
1798,22.979999999999617,1986005.85
1799,22.98999999999962,1984753.5499999998
1800,22.999999999999616,1997629.5499999998
1801,23.009999999999614,1972439.4499999995
1802,23.019999999999616,1990191.7999999993
1803,23.029999999999617,1991403.1499999994
1804,23.039999999999615,1991467.8999999997
1805,23.049999999999613,1981049.45
1806,23.059999999999615,1998456.3499999999
1807,23.069999999999617,2000016.0999999992
1808,23.079999999999615,2001167.8000000003
1809,23.089999999999613,1984139.8
1810,23.099999999999614,1986825.35
1811,23.109999999999616,1996828.1499999994
1812,23.119999999999614,1983992.6499999997
1813,23.12999999999961,1985336.1999999995
1814,23.139999999999613,1986924.8999999997
1815,23.149999999999615,1977039.5499999998
1816,23.159999999999613,2000484.9499999995
1817,23.16999999999961,1994340.6499999997
1818,23.179999999999612,1996251.6499999997
1819,23.189999999999614,1991977.2999999996
1820,23.199999999999612,1996923.45
1821,23.20999999999961,1982311.7999999996
1822,23.21999999999961,1985454.0999999994
1823,23.229999999999613,1992616.7
1824,23.23999999999961,1993418.4
1825,23.24999999999961,1989566.1999999997
1826,23.25999999999961,1998505.2499999995
1827,23.269999999999612,1991404.5499999998
1828,23.27999999999961,2000781.8499999999
1829,23.28999999999961,1988862.3499999999
1830,23.29999999999961,1982706.2999999998
1831,23.30999999999961,1984821.6999999997
1832,23.31999999999961,1991136.8
1833,23.329999999999607,1991560.9499999997
1834,23.33999999999961,1985134.2999999998
1835,23.34999999999961,1995735.7999999996
1836,23.35999999999961,1986200.15
1837,23.369999999999607,1993868.2000000002
1838,23.379999999999608,1983770.5999999999
1839,23.38999999999961,1980772.3499999994
1840,23.399999999999608,1986795.45
1841,23.409999999999606,1988586.7499999995
1842,23.419999999999607,1987269.05
1843,23.42999999999961,1989315.0499999996
1844,23.439999999999607,1983939.0500000003
1845,23.449999999999605,1988413.2
1846,23.459999999999607,1991245.8499999999
1847,23.469999999999608,1988471.45
1848,23.479999999999606,1993349.4999999993
1849,23.489999999999604,1993762.8499999999
1850,23.499999999999606,1991830.1499999997
1851,23.509999999999607,1986489.5500000003
1852,23.519999999999605,1987531.8999999997
1853,23.529999999999603,1989178.65
1854,23.539999999999605,1993625.75
1855,23.549999999999606,1988111.45
1856,23.559999999999604,1989380.1
1857,23.569999999999602,1995167.3999999992
1858,23.579999999999604,1997240.7999999996
1859,23.589999999999606,1983795.9999999995
1860,23.599999999999604,1986835.7000000002
1861,23.6099999999996,1997276.2999999998
1862,23.619999999999603,1986546.95
1863,23.629999999999605,1997344.6
1864,23.639999999999603,1987656.2499999993
1865,23.6499999999996,1994776.4999999995
1866,23.659999999999602,1993743.7999999993
1867,23.669999999999604,1989283.9499999997
1868,23.679999999999602,1995466.4499999997
1869,23.6899999999996,1998595.1500000001
1870,23.6999999999996,1984622.75
1871,23.709999999999603,1987276.5999999996
1872,23.7199999999996,1992150.6999999995
1873,23.7299999999996,1987278.3999999997
1874,23.7399999999996,1989707.4499999997
1875,23.749999999999602,1986103.9999999995
1876,23.7599999999996,1995487.1999999993
1877,23.769999999999598,1987758.5499999998
1878,23.7799999999996,1997377.5999999996
1879,23.7899999999996,1991068.1999999997
1880,23.7999999999996,1992316.0499999998
1881,23.809999999999597,1988529.5999999999
1882,23.8199999999996,1994778.0000000002
1883,23.8299999999996,1992767.25
1884,23.8399999999996,1995586.0499999993
1885,23.849999999999596,1989410.5499999998
1886,23.859999999999598,2002240.0999999999
1887,23.8699999999996,2000746.8499999999
1888,23.879999999999598,1992105.0
1889,23.889999999999596,1997637.7499999998
1890,23.899999999999597,1992188.8999999997
1891,23.9099999999996,1984652.95
1892,23.919999999999597,1994581.3999999994
1893,23.929999999999595,1990438.0999999999
1894,23.939999999999596,1987341.35
1895,23.949999999999598,1992641.9999999998
1896,23.959999999999596,1987676.55
1897,23.969999999999594,1991355.9999999995
1898,23.979999999999595,1987447.3999999997
1899,23.989999999999597,1988642.4499999995
1900,23.999999999999595,1994961.4499999995
1901,24.009999999999593,1992350.6999999995
1902,24.019999999999595,1987842.2
1903,24.029999999999596,1991068.3499999996
1904,24.039999999999594,1998327.6999999993
1905,24.049999999999592,1997742.1999999997
1906,24.059999999999594,1989702.9000000001
1907,24.069999999999595,1992440.5499999998
1908,24.079999999999593,1991045.0499999993
1909,24.08999999999959,1984103.7500000002
1910,24.099999999999593,2003674.0499999993
1911,24.109999999999594,1991923.8499999999
1912,24.119999999999592,1989990.65
1913,24.12999999999959,1989464.35
1914,24.139999999999592,1990168.3000000003
1915,24.149999999999594,1992177.6499999994
1916,24.15999999999959,1976765.5499999993
1917,24.16999999999959,1996454.1499999997
1918,24.17999999999959,1994341.35
1919,24.189999999999593,1988106.0499999996
1920,24.19999999999959,1991489.2499999995
1921,24.20999999999959,1990133.2999999998
1922,24.21999999999959,1990774.7499999998
1923,24.229999999999592,1989855.8999999997
1924,24.23999999999959,1992847.7
1925,24.249999999999588,1993665.95
1926,24.25999999999959,1991699.8499999996
1927,24.26999999999959,1993495.6500000001
1928,24.27999999999959,1991766.6999999993
1929,24.289999999999587,1987120.1499999997
1930,24.29999999999959,1985998.5499999996
1931,24.30999999999959,1988525.55
1932,24.319999999999588,1996855.6999999997
1933,24.329999999999586,1990490.3499999999
1934,24.339999999999588,1992176.7499999998
1935,24.34999999999959,1987706.4999999995
1936,24.359999999999587,1997891.5499999998
1937,24.369999999999585,1990128.2999999996
1938,24.379999999999587,1990599.3
1939,24.38999999999959,1990384.8500000003
1940,24.399999999999586,1988573.5999999996
1941,24.409999999999584,1978842.6499999997
1942,24.419999999999586,1985790.0499999996
1943,24.429999999999588,1982925.0499999998
1944,24.439999999999586,1999258.2499999995
1945,24.449999999999584,1995527.5999999999
1946,24.459999999999585,1983593.0999999996
1947,24.469999999999587,1982225.4999999998
1948,24.479999999999585,1987951.75
1949,24.489999999999583,1976512.0499999993
1950,24.499999999999584,1989458.8999999997
1951,24.509999999999586,1990665.3499999996
1952,24.519999999999584,1987503.3999999997
1953,24.529999999999582,2000833.25
1954,24.539999999999583,1993335.6499999997
1955,24.549999999999585,1997185.0499999996
1956,24.559999999999583,1998188.1499999997
1957,24.56999999999958,1994221.8999999997
1958,24.579999999999583,1980805.9
1959,24.589999999999584,1992832.7999999998
1960,24.599999999999582,1987090.4999999993
1961,24.60999999999958,1990085.5
1962,24.61999999999958,1994829.4
1963,24.629999999999583,1996815.9500000002
1964,24.63999999999958,1980427.0999999999
1965,24.64999999999958,1985755.9499999997
1966,24.65999999999958,1989799.3499999999
1967,24.669999999999582,1984869.899999999
1968,24.67999999999958,1984971.8499999996
1969,24.68999999999958,1992649.3999999994
1970,24.69999999999958,1994111.9999999993
1971,24.70999999999958,1993292.5499999993
1972,24.71999999999958,1993143.2499999998
1973,24.729999999999578,1986297.3499999996
1974,24.73999999999958,1982213.0499999996
1975,24.74999999999958,1988000.0499999993
1976,24.75999999999958,1995398.6499999994
1977,24.769999999999577,1990128.9999999998
1978,24.77999999999958,1988346.5499999998
1979,24.78999999999958,1988783.1500000004
1980,24.799999999999578,1984678.1499999997
1981,24.809999999999576,1997343.3499999996
1982,24.819999999999578,2001324.5499999998
1983,24.82999999999958,1989053.0999999996
1984,24.839999999999577,1997002.9
1985,24.849999999999575,1984598.9999999995
1986,24.859999999999577,1985211.45
1987,24.869999999999578,1987379.0999999996
1988,24.879999999999576,1986294.2499999998
1989,24.889999999999574,1996137.4499999997
1990,24.899999999999576,1991181.4499999997
1991,24.909999999999577,1980790.2499999993
1992,24.919999999999575,1984730.5499999993
1993,24.929999999999573,1989945.4
1994,24.939999999999575,1996172.15
1995,24.949999999999577,1994094.7499999998
1996,24.959999999999575,1994928.0999999994
1997,24.969999999999573,1995201.75
1998,24.979999999999574,1995978.4999999998
1999,24.989999999999576,1992597.5499999996
2000,24.999999999999574,1990885.5999999999
2001,25.00999999999957,1991179.9500000002
